{"cameraMode":{"drawMode":0,"name":"Shaded","section":"Shading Mode"},"sceneLighting":true,"audioPlay":false,"sceneViewState":{"showFog":true,"showMaterialUpdate":true,"showSkybox":true,"showFlares":true,"showImageEffects":true,"showParticleSystems":true},"in2DMode":false,"pivot":{"x":0.6979761123657227,"y":6.668945789337158,"z":0.2785310745239258},"rotation":{"x":0.02108866348862648,"y":0.9200931191444397,"z":-0.0500195287168026,"w":0.387925922870636},"size":10.449999809265137,"orthographic":false}