{"cameraMode":{"drawMode":0,"name":"Shaded","section":"Shading Mode"},"sceneLighting":true,"audioPlay":false,"sceneViewState":{"showFog":true,"showMaterialUpdate":true,"showSkybox":true,"showFlares":true,"showImageEffects":true,"showParticleSystems":true},"in2DMode":false,"pivot":{"x":217.69113159179688,"y":54.908164978027347,"z":310.11224365234377},"rotation":{"x":-0.19334803521633149,"y":0.08430694788694382,"z":-0.016752181574702264,"w":-0.9774226546287537},"size":1.597757339477539,"orthographic":false}