{"cameraMode":{"drawMode":0,"name":"Shaded","section":"Shading Mode"},"sceneLighting":false,"audioPlay":false,"sceneViewState":{"showFog":true,"showMaterialUpdate":true,"showSkybox":false,"showFlares":true,"showImageEffects":true,"showParticleSystems":true},"in2DMode":false,"pivot":{"x":219.76943969726563,"y":54.94353485107422,"z":309.3995666503906},"rotation":{"x":0.079410620033741,"y":0.011961810290813446,"z":-0.0009529755334369838,"w":0.9967703223228455},"size":0.913788914680481,"orthographic":true}