{"cameraMode":{"drawMode":0,"name":"Shaded","section":"Shading Mode"},"sceneLighting":true,"audioPlay":false,"sceneViewState":{"showFog":true,"showMaterialUpdate":true,"showSkybox":true,"showFlares":true,"showImageEffects":true,"showParticleSystems":true},"in2DMode":false,"pivot":{"x":217.98199462890626,"y":54.785736083984378,"z":312.40936279296877},"rotation":{"x":-0.12780052423477174,"y":0.13170719146728517,"z":-0.017177244648337365,"w":-0.9829277992248535},"size":1.8807893991470338,"orthographic":false}