{"cameraMode":{"drawMode":0,"name":"Shaded","section":"Shading Mode"},"sceneLighting":false,"audioPlay":false,"sceneViewState":{"showFog":true,"showMaterialUpdate":true,"showSkybox":false,"showFlares":true,"showImageEffects":true,"showParticleSystems":true},"in2DMode":false,"pivot":{"x":-0.20274509489536286,"y":-0.0974605455994606,"z":0.5427656173706055},"rotation":{"x":-0.08029000461101532,"y":-0.02333119511604309,"z":0.001877445145510137,"w":-0.9965086579322815},"size":2.195744514465332,"orthographic":false}