{"cameraMode":{"drawMode":0,"name":"Shaded","section":"Shading Mode"},"sceneLighting":false,"audioPlay":false,"sceneViewState":{"showFog":true,"showMaterialUpdate":true,"showSkybox":true,"showFlares":true,"showImageEffects":true,"showParticleSystems":true},"in2DMode":false,"pivot":{"x":216.62417602539063,"y":54.31120681762695,"z":308.1083068847656},"rotation":{"x":-0.010777143761515618,"y":-0.9816030263900757,"z":0.18166443705558778,"w":-0.05807677283883095},"size":3.665174722671509,"orthographic":false}