{"cameraMode":{"drawMode":0,"name":"Shaded","section":"Shading Mode"},"sceneLighting":false,"audioPlay":false,"sceneViewState":{"showFog":true,"showMaterialUpdate":true,"showSkybox":false,"showFlares":true,"showImageEffects":true,"showParticleSystems":true},"in2DMode":false,"pivot":{"x":-0.808632493019104,"y":1.5802443027496338,"z":0.747624933719635},"rotation":{"x":0.08518285304307938,"y":0.24084033071994782,"z":0.021224617958068849,"w":-0.9665902256965637},"size":1.2153514623641968,"orthographic":false}