{"cameraMode":{"drawMode":0,"name":"Shaded","section":"Shading Mode"},"sceneLighting":true,"audioPlay":false,"sceneViewState":{"showFog":true,"showMaterialUpdate":true,"showSkybox":true,"showFlares":true,"showImageEffects":true,"showParticleSystems":true},"in2DMode":false,"pivot":{"x":208.6791534423828,"y":53.048728942871097,"z":326.4533996582031},"rotation":{"x":-0.24147795140743257,"y":0.1188037246465683,"z":-0.030810218304395677,"w":-0.9626200795173645},"size":1.6544413566589356,"orthographic":false}