{"cameraMode":{"drawMode":0,"name":"Shaded","section":"Shading Mode"},"sceneLighting":false,"audioPlay":false,"sceneViewState":{"showFog":true,"showMaterialUpdate":true,"showSkybox":false,"showFlares":true,"showImageEffects":true,"showParticleSystems":true},"in2DMode":false,"pivot":{"x":222.00009155273438,"y":54.48665237426758,"z":310.89581298828127},"rotation":{"x":-0.002705170074477792,"y":0.9966649413108826,"z":-0.07278649508953095,"w":-0.0371573306620121},"size":2.03547739982605,"orthographic":false}