{"cameraMode":{"drawMode":0,"name":"Shaded","section":"Shading Mode"},"sceneLighting":true,"audioPlay":false,"sceneViewState":{"showFog":true,"showMaterialUpdate":true,"showSkybox":true,"showFlares":true,"showImageEffects":true,"showParticleSystems":true},"in2DMode":false,"pivot":{"x":205.65476989746095,"y":47.28321075439453,"z":320.0839538574219},"rotation":{"x":-0.2203601449728012,"y":0.3922899067401886,"z":-0.09737679362297058,"w":-0.8877350091934204},"size":10.449999809265137,"orthographic":false}