{"cameraMode":{"drawMode":0,"name":"Shaded","section":"Shading Mode"},"sceneLighting":true,"audioPlay":false,"sceneViewState":{"showFog":true,"showMaterialUpdate":true,"showSkybox":true,"showFlares":true,"showImageEffects":true,"showParticleSystems":true},"in2DMode":false,"pivot":{"x":216.67630004882813,"y":54.64090347290039,"z":311.0177917480469},"rotation":{"x":0.10373762995004654,"y":-0.702523946762085,"z":0.10466311126947403,"w":0.6962653994560242},"size":1.4405438899993897,"orthographic":false}