{"cameraMode":{"drawMode":0,"name":"Shaded","section":"Shading Mode"},"sceneLighting":false,"audioPlay":false,"sceneViewState":{"showFog":true,"showMaterialUpdate":true,"showSkybox":false,"showFlares":true,"showImageEffects":true,"showParticleSystems":true},"in2DMode":false,"pivot":{"x":220.98431396484376,"y":56.8240966796875,"z":313.07135009765627},"rotation":{"x":0.26551952958106997,"y":0.15534551441669465,"z":-0.04339425638318062,"w":0.9505189061164856},"size":2.123384714126587,"orthographic":false}