{"cameraMode":{"drawMode":0,"name":"Shaded","section":"Shading Mode"},"sceneLighting":false,"audioPlay":false,"sceneViewState":{"showFog":true,"showMaterialUpdate":true,"showSkybox":false,"showFlares":true,"showImageEffects":true,"showParticleSystems":true},"in2DMode":false,"pivot":{"x":217.5165252685547,"y":55.064151763916019,"z":308.8222961425781},"rotation":{"x":-0.03063024953007698,"y":0.9679355621337891,"z":-0.1912403553724289,"w":-0.1601274460554123},"size":0.9453526735305786,"orthographic":false}