{"cameraMode":{"drawMode":0,"name":"Shaded","section":"Shading Mode"},"sceneLighting":true,"audioPlay":false,"sceneViewState":{"showFog":true,"showMaterialUpdate":true,"showSkybox":true,"showFlares":true,"showImageEffects":true,"showParticleSystems":true},"in2DMode":false,"pivot":{"x":215.99559020996095,"y":53.77869415283203,"z":310.3688049316406},"rotation":{"x":-0.1184166744351387,"y":0.04223838075995445,"z":-0.005131574813276529,"w":-0.9921196103096008},"size":0.6046544313430786,"orthographic":false}