{"cameraMode":{"drawMode":0,"name":"Shaded","section":"Shading Mode"},"sceneLighting":true,"audioPlay":false,"sceneViewState":{"showFog":true,"showMaterialUpdate":true,"showSkybox":true,"showFlares":true,"showImageEffects":true,"showParticleSystems":true},"in2DMode":false,"pivot":{"x":202.15914916992188,"y":48.19267654418945,"z":315.1535949707031},"rotation":{"x":0.15215392410755158,"y":-0.5753448605537415,"z":0.11024324595928192,"w":0.7961481213569641},"size":10.0,"orthographic":false}