{"cameraMode":{"drawMode":0,"name":"Shaded","section":"Shading Mode"},"sceneLighting":false,"audioPlay":false,"sceneViewState":{"showFog":false,"showMaterialUpdate":false,"showSkybox":false,"showFlares":false,"showImageEffects":false,"showParticleSystems":false},"in2DMode":false,"pivot":{"x":221.79336547851563,"y":54.37383270263672,"z":313.7544250488281},"rotation":{"x":-0.19916610419750215,"y":0.4820391535758972,"z":-0.11353220790624619,"w":-0.8456258177757263},"size":0.34229379892349245,"orthographic":false}