{"cameraMode":{"drawMode":0,"name":"Shaded","section":"Shading Mode"},"sceneLighting":true,"audioPlay":false,"sceneViewState":{"showFog":true,"showMaterialUpdate":true,"showSkybox":true,"showFlares":true,"showImageEffects":true,"showParticleSystems":true},"in2DMode":false,"pivot":{"x":244.72479248046876,"y":53.26516342163086,"z":213.01983642578126},"rotation":{"x":-0.18584392964839936,"y":-0.5609263181686401,"z":0.13070817291736604,"w":-0.7960773706436157},"size":7.886284828186035,"orthographic":false}