{"cameraMode":{"drawMode":0,"name":"Shaded","section":"Shading Mode"},"sceneLighting":false,"audioPlay":false,"sceneViewState":{"showFog":true,"showMaterialUpdate":true,"showSkybox":false,"showFlares":true,"showImageEffects":true,"showParticleSystems":true},"in2DMode":false,"pivot":{"x":6.659076690673828,"y":14.00339126586914,"z":21.994739532470704},"rotation":{"x":-0.0662415474653244,"y":-0.18804116547107697,"z":0.012706546112895012,"w":-0.9798488020896912},"size":3.020761489868164,"orthographic":false}