{"cameraMode":{"drawMode":0,"name":"Shaded","section":"Shading Mode"},"sceneLighting":false,"audioPlay":false,"sceneViewState":{"showFog":true,"showMaterialUpdate":true,"showSkybox":false,"showFlares":true,"showImageEffects":true,"showParticleSystems":true},"in2DMode":false,"pivot":{"x":217.26803588867188,"y":55.352840423583987,"z":309.7967529296875},"rotation":{"x":-0.06361056119203568,"y":0.9070793390274048,"z":-0.15133826434612275,"w":-0.3877018094062805},"size":0.9453527331352234,"orthographic":false}