{"cameraMode":{"drawMode":0,"name":"Shaded","section":"Shading Mode"},"sceneLighting":true,"audioPlay":false,"sceneViewState":{"showFog":true,"showMaterialUpdate":true,"showSkybox":true,"showFlares":true,"showImageEffects":true,"showParticleSystems":true},"in2DMode":false,"pivot":{"x":205.12022399902345,"y":53.85414505004883,"z":319.5186767578125},"rotation":{"x":-0.14003883302211762,"y":-0.4175748825073242,"z":0.06527337431907654,"w":-0.8955192565917969},"size":1.4808177947998047,"orthographic":false}